<?xml version="1.0" encoding="UTF-8"?>

<software>

    <name>Unreal Developer Kit</name>
    
    <lens_type>Ari-Zeiss Master Primes</lens_type>
    <focal_length>23.9</focal_length>     <field_of_view>68.40°</field_of_view>
    <focal_length>25.3</focal_length>     <field_of_view>65.40°</field_of_view>
    <focal_length>27.3</focal_length>     <field_of_view>61.40°</field_of_view>
    <focal_length>30.9</focal_length>     <field_of_view>55.40°</field_of_view>
    <focal_length>32.1</focal_length>     <field_of_view>53.60°</field_of_view>
    <focal_length>38.1</focal_length>     <field_of_view>46.10°</field_of_view>
    <focal_length>43.1</focal_length>     <field_of_view>41.30°</field_of_view>
    <focal_length>47.4</focal_length>     <field_of_view>37.80°</field_of_view>
    <focal_length>53</focal_length>       <field_of_view>34.05°</field_of_view>
    <focal_length>65.2</focal_length>     <field_of_view>28.00°</field_of_view>
    <focal_length>83.5</focal_length>     <field_of_view>22.00°</field_of_view>
    <focal_length>96.8</focal_length>     <field_of_view>19.05°</field_of_view>
    <focal_length>122.8</focal_length>    <field_of_view>15.05°</field_of_view>
    <focal_length>177.4</focal_length>    <field_of_view>10.45°</field_of_view>
    <end>End of Ari-Zeiss Master Prims</end>
    
    <lens_type>Ari-Zeiss Ultra Primes</lens_type>
    <focal_length>16</focal_length>     <field_of_view>64°</field_of_view>
    <focal_length>20</focal_length>     <field_of_view>56.90°</field_of_view>
    <focal_length>24</focal_length>     <field_of_view>45.60°</field_of_view>
    <focal_length>32</focal_length>     <field_of_view>37.48°</field_of_view>
    <focal_length>40</focal_length>     <field_of_view>30.40°</field_of_view>
    <focal_length>50</focal_length>     <field_of_view>25.45°</field_of_view>
    <focal_length>85</focal_length>     <field_of_view>15.45°</field_of_view>
    <focal_length>100</focal_length>    <field_of_view>12.88°</field_of_view>
    <focal_length>180</focal_length>    <field_of_view>7.16°</field_of_view>
    <end>End of Ari-Zeiss Ultra Prims</end>
    
    <lens_type>Cooke S4 Primes</lens_type>
    <focal_length>30</focal_length>     <field_of_view>56.80°</field_of_view>
    <focal_length>36</focal_length>     <field_of_view>48.60°</field_of_view>
    <focal_length>48</focal_length>     <field_of_view>37.40°</field_of_view>
    <focal_length>72</focal_length>     <field_of_view>25.40°</field_of_view>
    <focal_length>108</focal_length>    <field_of_view>17.10°</field_of_view>
    <focal_length>144.1</focal_length>  <field_of_view>12.85°</field_of_view>
    <end>End of Cooke S4 Prims</end>
    
    <lens_type>Panavision Primo Primes</lens_type>
    <focal_length>10</focal_length>     <field_of_view>68.10°°</field_of_view>
    <focal_length>14.5</focal_length>   <field_of_view>48.60</field_of_view>
    <focal_length>21</focal_length>     <field_of_view>37.40°</field_of_view>
    <focal_length>27</focal_length>     <field_of_view>30.30°</field_of_view>
    <focal_length>35</focal_length>     <field_of_view>25.40°</field_of_view>
    <focal_length>40</focal_length>     <field_of_view>21.90°</field_of_view>
    <focal_length>50</focal_length>     <field_of_view>17.10°</field_of_view>
    <focal_length>65</focal_length>     <field_of_view>14.03°</field_of_view>
    <focal_length>75</focal_length>     <field_of_view>12.86°</field_of_view>
    <focal_length>100</focal_length>    <field_of_view>9.66°</field_of_view>
    <focal_length>125</focal_length>    <field_of_view>7.74°</field_of_view>
    <focal_length>50</focal_length>     <field_of_view>6.20°</field_of_view>
    <end>End of Panavision Primo Prims</end>
    
</software>
